{
  "param_names": [
    "MOTOR_MAX_FORCE_N",
    "MOTOR_LAG_TAU_S",
    "LINEAR_DRAG",
    "ROLLING_RESIST",
    "SERVO_RAD_PER_SEC",
    "MU_KINETIC"
  ],
  "x": [
    6.3063514041989945,
    0.09363112246117708,
    0.015236469132544842,
    0.011651550822767368,
    5.026557245359348,
    0.32810480582747437
  ],
  "loss_train": 218112.32067452362,
  "per_log_loss": [
    172912.4517784693,
    171832.67233255814,
    309572.7336996381
  ],
  "n_evals": 27,
  "loss_holdout": 239202.0043047428,
  "cov_diag": [
    1.0024491618006692,
    0.8962031649732541,
    0.9573929442374022,
    1.067580546808449,
    1.1987517978536635,
    1.090708972710638
  ]
}